                  epoch,         train/box_loss,         train/cls_loss,         train/dfl_loss,   metrics/precision(B),      metrics/recall(B),       metrics/mAP50(B),    metrics/mAP50-95(B),           val/box_loss,           val/cls_loss,           val/dfl_loss,                 lr/pg0,                 lr/pg1,                 lr/pg2
                      1,                 3.2563,                 5.6871,                 4.1718,                      0,                      0,                      0,                      0,                 3.2147,                  6.158,                 4.1445,             0.00010829,             0.00010829,             0.00010829
                      2,                 3.1991,                 5.6189,                 4.0895,                      0,                      0,                      0,                      0,                 3.1544,                 6.0964,                 4.0958,             0.00017587,             0.00017587,             0.00017587
                      3,                 3.0819,                 5.4664,                 3.8724,                      0,                      0,                      0,                      0,                 3.0078,                 6.0203,                 4.0009,              0.0001995,              0.0001995,              0.0001995
                      4,                  3.047,                 5.3602,                 3.7335,                 0.0077,                0.02273,                0.00519,                0.00055,                 2.6848,                 5.9246,                 3.6585,              0.0001352,              0.0001352,              0.0001352
                      5,                 3.0091,                 5.2632,                 3.6436,                0.00619,                0.04924,                0.00747,                0.00178,                 2.5529,                 5.9065,                 3.5585,             6.9264e-05,             6.9264e-05,             6.9264e-05
